kind,title,date,url
transcript-summary (JJ video),"Here's How You Can Make $100,000 Per Month On Prop Firms — Transcript & Summary",video ~2026-07/08,https://sozai.app/transcript/make-100000-per-month-prop-firms/
transcript-summary (JJ video),The Strategy Behind My $1.6M in Prop Firm Payouts — Transcript & Summary,2026,https://sozai.app/transcript/strategy-behind-1-6m-prop-firm-payouts/
transcript-summary (JJ video),"I Made $105,700 in 3 Weeks Day Trading NQ Futures (Road to $1M Ep. 2) — Transcript & Summary",2026,https://sozai.app/transcript/made-105700-3-weeks-day-trading-nq-futures/
transcript-summary (third-party video),Is JJ Simons Strategy Profitable? I Backtested 365 Days With a Custom Indicator — Transcript & Summary,2026,https://sozai.app/transcript/jj-simons-strategy-backtest-365-days/
JJ video,"Here's How You Can Make $100,000 Per Month On Prop Firms (YouTube)",~2026-07/08,https://www.youtube.com/watch?v=AxP-cg50TdM
JJ video,"I spent $550,000 on prop firm evaluations and learned this (YouTube)",~2026-09-23,https://www.youtube.com/watch?v=dJdBnSBJlgQ
JJ video,I Hit $1.9M In Prop Firm Payouts (My Trades This Week LIVE | Ep.12),~2026-09-14,https://www.youtube.com/watch?v=HlWSP7ajgpQ
JJ video,"I Hit $2,000,000 In Prop Firm Payouts (Week In My Life)",2026-09/10,https://www.youtube.com/watch?v=PN1UKQMPb5M
JJ video,"$87,000 From Prop Firms in 2 Weeks - Road to $1,000,000 Starts Now (Ep. 1)",2026,https://www.youtube.com/watch?v=gjWiGBiVis0
JJ video,"How I turned $0 into $1,500,000 Trading Prop Firms (Full Roadmap)",2026,https://www.youtube.com/watch?v=C-_0QhKZmA4
JJ video,"0 to $780,000 in 12 months on prop firms - full roadmap",,https://www.youtube.com/watch?v=xNeBEqv06k0
JJ video,How I Scaled To $1.8M In Prop Firm Payouts,2026,https://www.youtube.com/watch?v=4BXpI-hYqe0
JJ video,How Quant Finance Made Me $1.6M Trading Prop Firms,2026,https://www.youtube.com/watch?v=PMGhHCjYG5c
JJ video,How Poker Math Made Me $100K/Month Trading Prop Firms,~2026-09-30,https://www.youtube.com/watch?v=nvOaN6mRu-o
JJ video,"The ONE Setup That Made Me $400,000 in 90 Days (6 & 8PM Session, Step by Step)",,https://www.youtube.com/watch?v=BLvsYJ4sqn8
JJ video,How I Trade the 6PM & 8PM Session (Fair Price Theory on Funded Accounts),,https://www.youtube.com/watch?v=GMDUiamqgig
JJ video,I made $1.5M prop firm trading and learned this,,https://www.youtube.com/watch?v=J8qXxtFFpGg
JJ video,"Watch Me Backtest My $1,500,000 Trading Strategy",,https://www.youtube.com/watch?v=MVP7X-3v8xk
podcast video (third-party channel),"This Kid Printed $2M In Payouts Trading 30 Times/Day, Here's How. (Chart Fanatics)",~2026-09-19,https://www.youtube.com/watch?v=-lxNWJGWtbg
podcast channel,Chart Fanatics YouTube channel,,https://www.youtube.com/@chart-fanatics/videos
JJ sales page,JJ Simon — Free Live Training / How To Get Consistent Prop Firm Payouts Using The Fair Pricing Theory,2026,https://jjwebinar.com/
JJ sales page,"JJ Simon — The Prop Firm Strategy Behind $2,000,000+ In Verified Payouts (Free Quant Strategy Mini Course)",2026,https://jj.jjsimontrades.com/mini-course
JJ sales page,"The Quant Trading Strategy Behind My $2,000,000 In Prop Firm Payouts (schedule-call)",2026,https://jj.jjsimontrades.com/schedule-call
JJ sales page,JJs Mentorship (jjsimontrades.com),,https://jjsimontrades.com/mentorship
JJ sales page,jjsmentorship.com (SIMON FUND LLC),,https://jjsmentorship.com/
JJ product page,JJ's Mentorship (Whop),2026,https://whop.com/jj-s-mentorship-ba4a/
JJ product page,JJ Simon on Whop,,https://whop.com/@itsjjsimon/
JJ tool,PropFirmEV — Find the prop firm that actually pays you the most,2026,https://websitesaasfinal.vercel.app/
X profile/posts (JJ),itsjjsimon (@itsjjsimon) on X,2026,https://x.com/itsjjsimon
X post (third party),ZenomTrader on X (post 2094359116873453938),2026,https://x.com/ZenomTrader/status/2094359116873453938
JJ link page,itsjjsimon Linktree,joined 2026-04,https://linktr.ee/itsjjsimon
TikTok (JJ),JJ Simon (@itsjjsimon) TikTok,2026,https://www.tiktok.com/@itsjjsimon
TikTok aggregate,Jj Simon Trading Review (TikTok discover),2026,https://www.tiktok.com/discover/jj-simon-trading-review
Instagram (JJ),JJ Simon (@itsjjsimon) Instagram,2026,https://www.instagram.com/itsjjsimon/
YouTube channel (JJ),JJ Simon YouTube channel (@itsjjsimon),2026,https://www.youtube.com/@itsjjsimon
third-party review site,JJ's Mentorship Reviews 2026 (allpros.io),2026,https://allpros.io/course/jjs-mentorship
third-party course description,JJ Simon Trading Mentorship 2026 (fttuts.com),2026,https://fttuts.com/jj-simon-trading-mentorship-2026/
third-party reseller listing,JJ Simon Trades: Trading Mentorship (2026) (viptradingcourses.com),2026,https://viptradingcourses.com/product/jj-simon-trades-trading-mentorship-2026-course/
third-party strategy write-up,JJ Simon's Fair Value Theory Strategy (fxreplay.com),2026,https://fxreplay.com/strategies/jj-simons-fair-value-theory-nq-strategy
third-party backtest PDF,JJ Simon's Fair Value Theory NQ Strategy Backtesting Reimagined (PDF),2026,https://cdn.prod.website-files.com/668852f921e36c3365b91d03/69f277ffef6be0e125ad6a90_JJ%20Simon%20Fair%20value%20theory.pdf
third-party video summary,Video Summary - Backtesting JJ Simon's NQ Strategy (youtubesummary.com),2026,https://youtubesummary.com/summary/SNO1wqJTq5A
third-party video,JJ Simon Strategy Backtest: 40 Trades Proves This Works (Or...),,https://www.youtube.com/watch?v=c61c4CxTpYI
third-party video,Can JJ Simon's $1.5M Trading Strategy Really Pass a Prop Firm Challenge?,,https://www.youtube.com/watch?v=JcW8Wjnw8ck
third-party video,Is JJ Simons Method Profitable? We Backtested 365 Days With a Custom Indicator,,https://www.youtube.com/watch?v=Esv74mEfTFY
third-party video,JJ Simons Strategy Exposed: Profitable or Impossible?,,https://www.youtube.com/watch?v=FVS85GQGaT0
third-party backtest site,JJ Simon — strategies backtested (faketrades.in),,https://app.faketrades.in/guru/jj-simon
strategy page,FX Replay author page: JJ Simon,2026,https://fxreplay.com/author/jj-simon
strategy page,FX Replay Trading Blog (listing),2026,https://fxreplay.com/learn
video,Backtesting JJ Simon's NQ Strategy (FX Replay),2026,https://www.youtube.com/watch?v=SNO1wqJTq5A
video,Win Rate vs. Edge: JJ Simon Strategy vs. Mechanical Fair Value Gap - 52 Trades,2026,https://www.youtube.com/watch?v=6xZw32_Jp7U
video,The Truth About JJ Simons' Strategy (Short),~2026-06-30,https://www.youtube.com/shorts/SsDNK-XaMjo
video,I Will Trade JJ Simon's Fair Value Strategy In Real Time Since No One Else Will.,~2026-06-24,https://www.youtube.com/watch?v=IYRtWZHb7Ws
video,"This Strategy Generates 1,500,000? My Take On JJ Simon's Fair Market Value",~2026-07-15,https://www.youtube.com/watch?v=2mDNljz-1dU
video,Can JJ Simon's Trading Strategy Really Make Money?,2026,https://www.youtube.com/watch?v=KaYc0m3fcdo
tradingview indicator,Fair Price Theory - NQ Reversion / Continuation (joetroyer),2026,https://www.tradingview.com/script/j4BFY7JW-Fair-Price-Theory-NQ-Reversion-Continuation/
tradingview indicator,Fair Value Theory + Sessions + Fib (AndrewFXTD),2026,https://www.tradingview.com/script/jfW4Vilk/
tradingview indicator,Fair Price Strategy (microupnup),2026,https://www.tradingview.com/script/mpU3gOF5-Fair-Price-Strategy/
tradingview indicator,JJSimon strat (ethanforgotten),2026,https://www.tradingview.com/script/9jDxlxC6-JJSimon-strat/
product page,JJ SIMONS STRATEGY (Indicator & Strategy Pack) FULL PINECODE - ATSLibrary,2026,https://atslibrary.com/product/jj-simons-strategy-indicator-strategy-pack-full-pinecode/
product page / reseller,Realised - JJ SIMONS STRATEGY ... FULL PINECODE 97$ (clubbingbuy),2026,https://clubbingbuy.exchange/threads/jj-simons-strategy-indicator-strategy-pack-full-pinecode-97.4954/
pirate mirror,Download JJ Simon (tradingaz.top mirror),2026,https://tradingaz.top/jj-simon-trading-view-indicator-strategy/
pirate mirror,JJ Simon: Trading View Indicator Strategy [DOWNLOAD],2026,https://jjsimonindicator.blogspot.com/
storefront,JJ's Pre Recorded Workshop (Whop),2026,https://whop.com/jj-s-pre-recorded-workshop-73/
pirate mirror,JJ Simon Trades: Trading Mentorship (pirate course listing),2026,https://wsotradingcourses.com/product/jj-simon-trades-trading-mentorship-course/
social post,Joey (@WhizzTrades) on X,2026-06-16,https://x.com/WhizzTrades/status/2066967293033103835
jj-social,insane day for mean reversion — @itsjjsimon TikTok video,2026,https://www.tiktok.com/@itsjjsimon/video/7652428892870937886
jj-social,Jacob (JJ) Simon - Self-Employed Futures Trader (LinkedIn),2026,https://www.linkedin.com/in/jjsimon89/
podcast,"The Genius Who Outsmarted The Prop Firm Game, And Made $1.5M In Payouts. — Titans Of Tomorrow (YouTube)",2026,https://www.youtube.com/watch?v=aCOgfvL6lK8
JJ video,The Strategy Behind My $1.6M in Prop Firm Payouts (YouTube),2026,https://www.youtube.com/watch?v=KN7j6NXXAio
third-party TradingView indicator,9:29 Candle High Low Levels (krisskross18),2026,https://www.tradingview.com/script/RTAhr0Nq-9-29-Candle-High-Low-Levels/
"third-party article on a related but distinct 9:30 strategy (stocks, ORB+retest; not JJ-specific)","I Backtested the Viral '9:30 Candle' Scalping Strategy 165,000 Times (Dennis Consorte)",2026,https://dennisconsorte.medium.com/i-backtested-the-viral-9-30-candle-scalping-strategy-165-000-times-heres-what-actually-happens-160e56e9ea9d
channel page,Chart Fanatics Live YouTube channel,2026,https://www.youtube.com/@chartfanaticslive
social profile,chartfanatics on X,2026,https://x.com/chartfanatics
website,chartfanatics.com,2026,https://www.chartfanatics.com/
podcast feed,Titans Of Tomorrow (Apple Podcasts),2026,https://podcasts.apple.com/us/podcast/titans-of-tomorrow/id1704089583
podcast feed,Titans Of Tomorrow (Spotify for Creators),2026,https://creators.spotify.com/pod/profile/titansoftomorrowpodcast/
podcast feed,Titans Of Tomorrow - Waqar Asim (Listen Notes),2026,https://www.listennotes.com/podcasts/titans-of-tomorrow-waqar-asim-7Cbq-oyr6MZ/
channel page,Titans Of Tomorrow YouTube channel,2026,https://www.youtube.com/@titans.of.tomorrow
podcast feed,Titans Of Tomorrow (Deezer) incl. 'We Interviewed The World's Best Traders',2026-08-24,https://www.deezer.com/us/show/1001154661
podcast feed,Words of Rizdom - Trading Podcast (Spotify for Creators),2026,https://creators.spotify.com/pod/profile/wordsofrizdom/
podcast feed,Words of Rizdom - Trading Podcast (Apple Podcasts),2026,https://podcasts.apple.com/us/podcast/words-of-rizdom-trading-podcast/id1780241706
channel page,Words of Rizdom YouTube channel,2026,https://www.youtube.com/@wordsofrizdom
social profile,Riz Iqbal (@Wordsofrizdom) on X,2026,https://x.com/Wordsofrizdom
social post,Riz Iqbal tweet: first systematic trader / one of the youngest,2025-10-15,https://x.com/Wordsof_Rizdom/status/1978571268598140966
profile,Riz Iqbal - Founder & Podcast Host (LinkedIn),2026,https://uk.linkedin.com/in/riz-iqbal-34467a334
video (podcast),Leap in with Captain Green Podcast: JJ Simon (NOT the trader),undated,https://www.youtube.com/watch?v=PCDHJBdj-Z4
podcast page,Trading Nut episodes (different JJ),2026,https://tradingnut.com/episodes/
podcast page,Trading Nut ep. 290 (JJ = Cam Hawkins' mentor; different person),2026,https://tradingnut.com/jj/
news article,I'm a retail investor who made $2 million with prop-trading firms (Kane Simons; not JJ),2026,https://www.aol.com/news/im-retail-investor-made-2-091501499.html
video (JJ),dont give up on prop firm trading (my story),~2026-09-28,https://www.youtube.com/watch?v=1CEAgRUNZ4c
video playlist,"Prop Firm Founder Interviews (playlist, JJ as host)",2026,https://www.youtube.com/playlist?list=PLcIo1GVx-4SZVbkX6HTTVPIQe5kxwyH0S
video (JJ as host),Exposing Prop Firm Secrets: Interview With Funded Squad CEO,~2026-07-09,https://www.youtube.com/watch?v=WREmI_8DOX0
JJ site,jjsimontrades.com,2026,https://jjsimontrades.com/
JJ link,Free Discord,2026,https://go.jjsimontrades.com/free-discord
JJ video,The Prop Firm Strategy That Made $1.8M,2026-09,https://www.youtube.com/watch?v=DEkzU8gqX-o
JJ video,"I Filmed Every Single Trade I Made This Week ($37,500 In Prop Firm Payouts)",2026,https://www.youtube.com/watch?v=pwO9IAu7FUQ
JJ video,Scaling This Student From $24K To $50K/Month Profit,2026,https://www.youtube.com/watch?v=r5AhmGaFujU
JJ video,Why your trading strategy doesn't matter on prop firms,2026,https://www.youtube.com/watch?v=2BtwoTCxcbc
JJ video (attribution inferred),Why I Can't Show You My Risk Management (It Would Kill Prop Firms),2026,https://www.youtube.com/watch?v=sWJa8vRfPb8
third-party podcast episode (guest unconfirmed),Become a Professional PROP FIRM Trader By Following This Path (Apple Podcasts),2026,https://podcasts.apple.com/de/podcast/become-a-professional-prop-firm-trader-by-following/id1780241706?i=1000732644023
social_bio,JJ Simon YouTube channel id,2026,https://www.youtube.com/channel/UCrvs89j_5m3LQDVWXbdnZMw
own_video,From $1.5M To $2.5M,2026,https://www.youtube.com/watch?v=EyR3i2GxwyA
own_video,How I Made Money Trading Prop Firms On A Bad Week (Week 13),~2026-09-21,https://www.youtube.com/watch?v=l6iq0ljhxIo
social_post,Day 4 in the life of a day trader trying to make my second million dollars,2026,https://www.tiktok.com/@itsjjsimon/video/7621017448963132702
context,"Topstep Combine Account Sizes & Profit Targets 2026 [50K, 100K, 150K] (third party, context only)",2026,https://tradecovex.com/guides/topstep-combine-account-sizes-profit-targets-2026
JJ video (course sample),JJ Simon 2026 Mentorship: The Killer In Trading Emotions & Overtrading Sample Video,2026,https://www.youtube.com/watch?v=1AhJ5FfcTDo
generic third-party guide (NOT JJ),Daily Loss Limit Explained for Prop Firm Traders (2026 Guide),2026,https://www.futureshive.com/blog/daily-loss-limit-prop-firm-guide-2026
